id,businessName,email,website,confidence,method
2,"3R RV Service Center - Union",parts2@3rrv.com,"https://www.3rrv.com/",unknown,regex
10,"Airstream Adventures - Bay Area",cafrfair_leads@lithia.com,"https://bayareaairstream.com",unknown,regex
22,"All Points RV Solutions LLC",micah@micahrich.com,"https://www.aprvs.com",unknown,regex
38,"Appleton Camping Center, Inc.",info@markquartrvappleton.com,"https://www.appletoncamping.com/",unknown,regex
40,"Arizona RV Service",info@arizonarvservice.com,"https://www.arizonarvservice.com/",unknown,regex
41,"Arlington RV Supercenter, Inc.",jay@arlingtonrv.com,"https://www.arlingtonrv.com/",unknown,regex
44,"Atlantic RV Body Repair & Service",605a7baede844d278b89dc95ae0a9123@sentry-next.wixpress.com,"https://atlanticrvservice.com",unknown,regex
45,"Avalon-RV",info@avalon-rv.com,"https://avalon-rv.com/",unknown,regex
51,"Beckley's Camping Center",stephanie.office@beckleysrvs.com,"https://www.beckleysrvs.com",unknown,regex
53,"Bell Road RV Center",service@bellroadrv.com,"https://www.bellroadrv.com/",unknown,regex
62,"Bish's RV of American Fork",leads.aut.sales@bishs.com,"https://www.bishs.com/",unknown,regex
68,"Bish's RV of Lincoln",leads.aut.sales@bishs.com,"https://www.bishs.com/",unknown,regex
70,"Bish's RV of Omaha",leads.aut.sales@bishs.com,"https://www.bishs.com/",unknown,regex
71,"Bish's RV of Salt Lake City",leads.aut.sales@bishs.com,"https://www.bishs.com/",unknown,regex
115,"Blue Compass - RV One Superstores - Auburn Hills",info@asrvcenter.com,"https://www.asrvcenter.com/?utm_source=local&utm_campaign=gmbdet&utm_medium=organic",unknown,regex
135,"Boyer RV Center",sales@boyerrvsales.com,"https://www.boyerrvsales.com/",unknown,regex
144,"Brown's RV Superstore",support@digitalpower.solutions,"http://www.brownsrvsuperstore.com",unknown,regex
159,"Campers Inn RV of Mesa (Little Dealer, Little Prices)",sales@littledealer.com,"https://www.littledealer.com/locations/rvs-for-sale-mesa",unknown,regex
164,"Campers Inn RV of Phoenix (Little Dealer, Little Prices)",sales@littledealer.com,"https://www.littledealer.com/locations/rvs-for-sale-phoenix",unknown,regex
172,"Campers RV Center",salesmgr@campersrvcenter.com,"http://www.campersrvcenter.com/",unknown,regex
182,"Camping World - Hitch RV",csteam@campingworld.com,"https://www.hitchrv.com",unknown,regex
197,"Camping World of Birch Run (BRMI)",csteam@campingworld.com,"https://rv.campingworld.com/dealer/birch-run-michigan",unknown,regex
203,"Camping World of Buffalo",store38@campingworld.com,"https://www.campingworldofbuffalo.com",unknown,regex
209,"Camping World of Chicago",store219@campingworld.com,"http://www.campingworldofchicago.com/",unknown,regex
212,"Camping World of Coldwater (QMI)",csteam@campingworld.com,"https://rv.campingworld.com/dealer/quincy-michigan-coldwater?utm_source=moz&utm_campaign=directory&utm_medium=organic",unknown,regex
221,"Camping World of Escanaba",csteam@campingworld.com,"https://rv.campingworld.com/dealer/escanaba-michigan",unknown,regex
225,"Camping World of Fort Pierce",csteam@campingworld.com,"https://rv.ganderoutdoors.com/dealer/fort-pierce-florida",unknown,regex
243,"Camping World of Kaysville",store230@campingworld.com,"https://www.bjrv.com",unknown,regex
247,"Camping World of Lincoln (LNE)",csteam@campingworld.com,"https://rv.campingworld.com/dealer/lincoln-nebraska",unknown,regex
248,"Camping World of Little Falls",csteam@campingworld.com,"http://www.hilmersonrv.com/",unknown,regex
261,"Camping World of New Jersey",jeff@getoutsidenj.com,"https://www.getoutsidenj.com/places/camping-world-lakewood-nj/",unknown,regex
263,"Camping World of New River",csteam@campingworld.com,"https://rv.campingworld.com/dealer/new-river?utm_source=moz&utm_campaign=directory&utm_medium=organic",unknown,regex
267,"Camping World of Oxford",store88@campingworld.com,"http://www.campingworldofoxford.com/",unknown,regex
303,"Camping World of Tyler",csteam@campingworld.com,"http://www.southernrvsupercenter.com/",unknown,regex
304,"Camping World of Uxbridge",hailey.almeida@campingworld.com,"http://www.flaggrv.com",unknown,regex
305,"Camping World of Vacaville",csteam@campingworld.com,"https://CampingWorldofVacaville.com",unknown,regex
320,"Camping World RV Sales of Ocala",store127@campingworld.com,"http://campingworldofocala.com",unknown,regex
328,"Camping World - Van Boxtel RV and Auto",jeremy.olson@campingworld.com,"http://www.vanboxtelrv.com/",unknown,regex
341,"Cliff Jones RV",rvwebleads@cliffjones.dsmessage.com,"http://www.cliffjonesrv.com/",unknown,regex
346,"Colonial RV (Airstream & Itasca)",sales@colonialairstream.com,"https://www.colonialairstream.com/",unknown,regex
351,"Copley's RV",sales1@copleysrv.com,"https://www.copleysrv.com/",unknown,regex
359,"Crowder RV Center",jroberts@crowderrv.com,"https://www.crowderrv.com/",unknown,regex
361,"CS Mobile RV Repair",charles.sutton@csmobilervrepair.com,"https://Www.Csmobilervrepair.com",unknown,regex
367,"D&N RV",your-experience-matters@alabamarvservice.com,"https://alabamarvservice.com/",unknown,regex
380,"Ehrhardt's Trailer Sales",webcontact@etstrailers.com,"http://www.etstrailers.com/",unknown,regex
397,"EXPRESS FLEET AND RV SERVICES INC",605a7baede844d278b89dc95ae0a9123@sentry-next.wixpress.com,"http://www.expressfleetandrv.com",unknown,regex
401,"Five Bears RV Service LLC",eben@eyebytes.com,"https://fivebearsrvservice.com/",unknown,regex
404,"Fort Wort Trailer Supply LLC",service@fortworthtrailersupply.com,"https://fortworthtrailersupply.com",unknown,regex
412,"Fun Town RV - Cleburne",cleburnecreditapp@funtownrv.com,"https://www.funtownrv.com",unknown,regex
414,"Fun Town RV - Waco",cleburnecreditapp@funtownrv.com,"http://www.funtownrvwaco.com/",unknown,regex
416,"Gander RV & Outdoors - Hamburg",leads@boatnrv.com,"https://WWW.BOATNRV.COM",unknown,regex
474,"Heart of Texas RV Pros, LLC - Mobile Service",info@hotrvpros.com,"https://Hotrvpros.com",unknown,regex
489,"JNRRIDER, LLC",service@pullthroughsites.com,"https://www.pullthroughsites.com",unknown,regex
505,"La Mesa RV Center - Phoenix",customerrelations@lamesarv.com,"https://www.lamesarv.com/phoenix-west-motorhomes-rvs?utm_source=Google&utm_medium=GMB&utm_content=GMB-Phx",unknown,regex
509,"Lazydays of Council Bluffs",stealth-only-logo-ko@2x-1.svg,"https://www.lazydays.com/",unknown,regex
510,"Lazydays RV Headquarters",stealth-only-logo-ko@2x-1.svg,"https://www.lazydays.com/",unknown,regex
511,"Lazydays RV of Denver (Johnstown)",stealth-only-logo-ko@2x-1.svg,"https://www.lazydays.com",unknown,regex
514,"Lazydays RV of Knoxville (Strawberry Plains)",stealth-only-logo-ko@2x-1.svg,"https://www.lazydays.com/",unknown,regex
515,"Lazydays RV of Knoxville (Turkey Creek)",stealth-only-logo-ko@2x-1.svg,"https://www.lazydays.com/",unknown,regex
517,"Lazydays RV of Milwaukee",stealth-only-logo-ko@2x-1.svg,"https://www.lazydays.com/",unknown,regex
518,"Lazydays RV of Minneapolis (Ramsey)",stealth-only-logo-ko@2x-1.svg,"https://www.lazydays.com",unknown,regex
519,"Lazydays RV of Nashville (Murfreesboro)",stealth-only-logo-ko@2x-1.svg,"https://www.lazydays.com/",unknown,regex
520,"Lazydays RV of Phoenix (Mesa)",stealth-only-logo-ko@2x-1.svg,"https://www.lazydays.com/",unknown,regex
524,"Lazydays RV of Tampa",stealth-only-logo-ko@2x-1.svg,"https://www.lazydays.com/",unknown,regex
542,"Markquart RV - Burlington",burlingtoninfo@markquart.com,"https://www.markquartrvburlington.com/",unknown,regex
563,"Mobile RV Repair Specialists",mobile-repair@att.net,"https://www.mobilerepairspecialists.com",unknown,regex
564,"Mobile RV Tex of Houston",605a7baede844d278b89dc95ae0a9123@sentry-next.wixpress.com,"https://www.mobilervtexofhouston.com/",unknown,regex
569,"Motor Sportsland",sales@dealershipname.com,"https://www.motorsportsland.com",unknown,regex
582,"North Trail RV Center Parts & Service",info@northtrailrv.com,"https://www.northtrailrv.com",unknown,regex
594,"Parker Trailer & RV",sales@parkertrailers.com,"https://www.parkertrailers.com",unknown,regex
621,"Princess Craft RV - Round Rock",servicehouston@princesscraft.com,"https://www.princesscraft.com/",unknown,regex
629,"Razorback Camper Sales",kyle@razorbackcampersales.com,"https://Www.razorbackcampersales.com",unknown,regex
631,"RCD RV - Heath",rcddelawaresales@services.interactrv.com,"http://www.rcdsales.com",unknown,regex
641,"Ricky's RV Repair",info@rickysrv.com,"https://www.rickysrv.com",unknown,regex
651,"Roetzel RV & Parts",parts@roetzelrv.com,"https://www.roetzelrv.com",unknown,regex
663,"RV's Unlimited",sales@rvsunlimited.com,"https://rvsunlimited.com",unknown,regex
697,"RV Wholesale Direct",customerservice@rvwholesaledirect.net,"https://rvwholesaledirect.net",unknown,regex
706,"Sicard RV",sales@sicardrv.com,"https://www.sicardrv.com/",unknown,regex
717,"Stahmann RV Sales Company",sales@stahmannrv.com,"https://www.stahmannrv.com/",unknown,regex
736,"The Motorcoach Store",sales@themotorcoachstore.com,"http://www.themotorcoachstore.com",unknown,regex
760,"Vogt RV Center of DFW",marketing@vogtrv.com,"https://www.airstreamdfw.com",unknown,regex
762,"WAKLEY'S CAR CARE & RV CENTER",bbell@wakleyrv.com,"https://www.wakleyrv.com",unknown,regex
766,"Welcome Back RV",finance@welcomebackrv.com,"http://www.welcomebackrv.com/",unknown,regex
776,"Winnebago Motor Homes & Trailer Sales, Inc.",tfran59341@aol.com,"https://www.winnebagomotorhomes.com",unknown,regex
777,"Winnebago Of Rockford",tfran59341@aol.com,"http://www.winnebagomotorhomes.com",unknown,regex
780,"Ziegler's RV Sales, Service & Rentals",mikez@zieglersrv.com,"https://www.zieglersrv.com",unknown,regex
789,"Advance Camping Sales",sales@advancecamping.com,"https://advancecamping.com/",unknown,regex
796,"AMERICAN RV RESCUE LLC",team@latofonts.com,"https://WWW.AMERICANRVRESCUE.COM",unknown,regex
797,"Appalachian RV Repair",info@indiantypefoundry.com,"https://appalachianrvrepair.com/",unknown,regex
798,"Arizona Mobile Pro Services LLC",mymail@mailservice.com,"https://arizonamobileproservice.com",unknown,regex
800,"Atlas RV Repair",wfxy@zjxu.edu.cn,"https://atlasrvrepair.com/atlas-rv-repair",unknown,regex
801,"Auer's RV Inc",service@auersrv.com,"https://auersrv.com/",unknown,regex
821,"Bob's RV Service Center",marc@spiderwrite.com,"https://bobsrvsc.com/",unknown,regex
834,"Camping World of Knoxville",csteam@campingworld.com,"https://rv.campingworld.com/dealer/kodak-tennessee",unknown,regex
835,"Castle Transport and RV LLC",info@buzzfile.com,"https://www.buzzfile.com/business/Castle-Auto-and-Rv-LLC-603-512-3450",unknown,regex
838,"Certified On-Site RV Service",your@email.com,"https://www.certifiedonsiterv.com/",unknown,regex
858,"From the Narrow Road LLC",605a7baede844d278b89dc95ae0a9123@sentry-next.wixpress.com,"https://fromthenarrowroad.com/",unknown,regex
859,"Fun Town RV - Conroe",cleburnecreditapp@funtownrv.com,"https://www.funtownrvhouston.com/",unknown,regex
860,"Fun Town RV - Giddings",cleburnecreditapp@funtownrv.com,"https://www.funtownrv.com/locations/giddings",unknown,regex
861,"Gatesville RV Service and Sales",ex@mple.com,"https://gatesvillerv.com/",unknown,regex
895,"Holly Acres RV & Marine",rcruz@hollyacres.com,"https://www.hollyacres.com/",unknown,regex
896,"Honest RV Mobile Repair",info@honestrvrepair.com,"https://honestrvrepair.com",unknown,regex
899,"I-80 RV Sales & Rental",info@rvomaha.com,"https://rvomaha.com/",unknown,regex
915,"Lynden Sports Center",info@lyndensportscenter.com,"https://lyndensportscenter.com/",unknown,regex
916,"M&G Trailer Ranch and Marine",bmize@mgtrailerranch.com,"https://www.mgtrailerranch.com/",unknown,regex
919,"Mark Twain Lake Jellystone Park",customercare@marktwainlakejellystone.com,"https://www.marktwainlakejellystone.com/",unknown,regex
920,"Markquart RV - Ramsey",ramseyinfo@markquart.com,"https://www.markquartrvramsey.com/",unknown,regex
936,"My RV Inspection",jason@myrvinspection.com,"https://myrvinspection.com/",unknown,regex
937,"Nashville RV Rentals",rez@nashvillerv.com,"https://nashvillervrentals.com/?utm_campaign=gmb",unknown,regex
938,"National Indoor RV Centers - Nashville",info@nirvc.com,"https://www.nirvc.com",unknown,regex
939,"National RV Inspection Services",user@domain.com,"https://www.mobilervinspector.com",unknown,regex
942,"Omaha RV Repair",contact@sansoxygen.com,"https://omaharvrepair.com/",unknown,regex
948,"Owens RV & Marine",605a7baede844d278b89dc95ae0a9123@sentry-next.wixpress.com,"https://www.owensrvmobilerepair.com/",unknown,regex
957,"Quality RV",julie@qrvtx.com,"https://www.qualityrvsolutions.com/",unknown,regex
958,"Radius Mobile RV Repair",605a7baede844d278b89dc95ae0a9123@sentry-next.wixpress.com,"https://www.radiusmobilerepair.com/",unknown,regex
962,"Ride North RV",sarah@ironmtpowersports.com,"https://www.uppowersports.com/",unknown,regex
973,"Rose Point Park Cabins & Camping",financy@mail.com,"https://rosepointpark.com/",unknown,regex
974,"RV Care Pros LLC",vip@goodsam.com,"https://RVCarePros.com",unknown,regex
975,"RV Concierge - Perkasie",jim@thervconcierge.com,"https://thervconcierge.com/",unknown,regex
978,"RV Doctor, LLC",wayne@rvdr.tech,"https://rvdr.tech/",unknown,regex
980,"RV GURU LLC",605a7baede844d278b89dc95ae0a9123@sentry-next.wixpress.com,"https://www.rvgurullc.com/",unknown,regex
992,"Schulte Industries, Inc.",brandon@schulteindustriesinc.com,"https://schulteindustriesinc.com/",unknown,regex
996,"Stahmann Sales Co.",sales@stahmannrv.com,"https://www.stahmannrv.com/",unknown,regex
998,"Superior RV",user@domain.com,"https://www.superior-rv.com",unknown,regex
999,"T & S RV and Sport",tim@tsrvs.com,"https://www.tsrvs.com/navasota-tx",unknown,regex
1000,"Talin RV Service",service@talinrv.com,"http://talinrv.com/",unknown,regex
1005,"The RV Yogi LLC",contact@sansoxygen.com,"https://thervyogi.org/",unknown,regex
1009,"Tric Mobile RV",john@doe.com,"https://tricmobilervrepair.com/#home",unknown,regex
1024,"Winnebago Motor Homes (dealership)",tfran59341@aol.com,"https://www.winnebagomotorhomes.com/?utm_source=google&utm_medium=organic&utm_campaign=gbp_webbutton",unknown,regex
1035,"Alpha Side RV Services LLC",alphasidervservices@gmail.conm,"https://www.alphasidervservices.com/",unknown,regex
1083,"Lazydays RV of Wildwood (The Villages)",stealth-only-logo-ko@2x-1.svg,"https://www.lazydays.com",unknown,regex
1094,"North Trail RV Center Sales",info@northtrailrv.com,"https://www.northtrailrv.com/",unknown,regex
1116,"Speedy Mobile RV Repair Inc.",frank@speedyrvrepair.com,"https://speedyrvrepair.com",unknown,regex
1120,"Traveling RV Technicians",605a7baede844d278b89dc95ae0a9123@sentry-next.wixpress.com,"https://www.travelingrvtechnicians.com",unknown,regex
1134,"Leano RV, LLC",605a7baede844d278b89dc95ae0a9123@sentry-next.wixpress.com,"https://www.leanorvllc.com",unknown,regex
1145,"Art's RV Service Centers, INC",sales@artsrv.com,"http://www.artsrv.com/",unknown,regex
1146,"ATX Mobile RV Repair LLC",support@webador.com,"https://www.atxmobilervrepair.com/",unknown,regex
1149,"Cooper's RV Service, LLC",605a7baede844d278b89dc95ae0a9123@sentry-next.wixpress.com,"https://www.coopersrvservice.com/",unknown,regex
1153,"Rivertown RV Repair",justin@rivertownrvrepair.com,"https://rivertownrvrepair.com",unknown,regex
1169,"American Mobile RV Service company",jhunker@arvmsc.com,"https://arvmsc.com/",unknown,regex
1189,"JC-RV",info@indiantypefoundry.com,"http://www.jc-rv.com",unknown,regex
1194,"The Travelin' Tech, LLC",info@thetravelintech.com,"https://www.thetravelintech.com",unknown,regex
1196,"Fun Town RV - Denton",cleburnecreditapp@funtownrv.com,"https://funtownrv.com",unknown,regex
1197,"Fun Town RV - Tyler",cleburnecreditapp@funtownrv.com,"https://www.funtownrvtyler.com/",unknown,regex
1199,"Giddy-Up RV Mobile Service LLC",info@latinotype.com,"https://giddyuprv.com",unknown,regex
1212,"Certified Mobile RV Care",help@cmrvc.com,"https://cmrvc.com",unknown,regex
1217,"Edson's RV Repair",info@edsonsrvrepair.com,"https://www.edsonsrvrepair.com/",unknown,regex
1218,"Endless Adventure RV Service LLC",sudtipos@sudtipos.com,"https://endlessadventurervservice.com",unknown,regex
1220,"Fun Town RV Corporate Headquarters",cleburnecreditapp@funtownrv.com,"https://funtownrv.com",unknown,regex
1221,"Fun Town RV - Waller",cleburnecreditapp@funtownrv.com,"https://www.funtownrv.com/locations/waller",unknown,regex
1228,"Premier Plus RV",sales@premierplusrv.com,"http://www.premierplusrv.com",unknown,regex
1229,"Rock'n RV Repair",astigma@astigmatic.com,"https://rocknrvrepair.com",unknown,regex
1231,"RV Wise Mobile Services",605a7baede844d278b89dc95ae0a9123@sentry-next.wixpress.com,"https://www.rvwisemobileservices.com",unknown,regex